timestamp,step,elapsed_s,temp_c,error_c,heater_norm,pwm_cmd,esp_safety,host_safety,phase,kp,ki,kd,ramp_loss,approach_loss,steady_loss
2026-04-06T22:34:54,0,0.001,28.25,8.75,1.0,125,0,0,ramp_up,15.0,2.0,400.0,,,
2026-04-06T22:34:56,1,2.331,28.3125,8.6875,1.0,125,0,0,ramp_up,15.0,2.0,400.0,,,
2026-04-06T22:34:57,2,3.865,28.3125,8.6875,1.0,125,0,0,ramp_up,15.0,2.0,400.0,,,
2026-04-06T22:34:59,3,5.299,28.3125,8.6875,1.0,125,0,0,ramp_up,15.0,2.0,400.0,,,
2026-04-06T22:35:00,4,6.734,28.3125,8.6875,1.0,125,0,0,ramp_up,15.0,2.0,400.0,,,
2026-04-06T22:35:02,5,8.269,28.3125,8.6875,1.0,125,0,0,ramp_up,15.0,2.0,400.0,,,
2026-04-06T22:35:03,6,10.01,28.3125,8.6875,1.0,125,0,0,ramp_up,15.0,2.0,400.0,,,
2026-04-06T22:35:05,7,11.443,28.3125,8.6875,1.0,125,0,0,ramp_up,15.0,2.0,400.0,,,
2026-04-06T22:35:07,8,12.876,28.3125,8.6875,1.0,125,0,0,ramp_up,15.0,2.0,400.0,,,
2026-04-06T22:35:08,9,14.821,28.25,8.75,1.0,125,0,0,ramp_up,15.0,2.0,400.0,,,
2026-04-06T22:35:10,10,16.258,28.25,8.75,1.0,125,0,0,ramp_up,15.0,2.0,400.0,,,
2026-04-06T22:35:12,11,17.791,28.25,8.75,1.0,125,0,0,ramp_up,15.0,2.0,400.0,,,
2026-04-06T22:35:14,12,19.635,28.25,8.75,1.0,125,0,0,ramp_up,15.0,2.0,400.0,,,
2026-04-06T22:35:15,13,21.581,28.3125,8.6875,1.0,125,0,0,ramp_up,15.0,2.0,400.0,,,
2026-04-06T22:35:17,14,23.218,28.25,8.75,1.0,125,0,0,ramp_up,15.0,2.0,400.0,,,
2026-04-06T22:35:18,15,25.062,28.25,8.75,1.0,125,0,0,ramp_up,15.0,2.0,400.0,,,
2026-04-06T22:35:20,16,26.497,28.25,8.75,1.0,125,0,0,ramp_up,15.0,2.0,400.0,,,
2026-04-06T22:35:22,17,28.341,28.25,8.75,1.0,125,0,0,ramp_up,15.0,2.0,400.0,,,
2026-04-06T22:35:24,18,30.185,28.25,8.75,1.0,125,0,0,ramp_up,15.0,2.0,400.0,,,
2026-04-06T22:35:25,19,31.623,28.3125,8.6875,1.0,125,0,0,ramp_up,15.0,2.0,400.0,,,
2026-04-06T22:35:27,20,33.458,28.3125,8.6875,1.0,125,0,0,ramp_up,15.0,2.0,400.0,,,
2026-04-06T22:35:29,21,35.302,28.3125,8.6875,1.0,125,0,0,ramp_up,15.0,2.0,400.0,,,
2026-04-06T22:35:31,22,37.145,28.3125,8.6875,1.0,125,0,0,ramp_up,15.0,2.0,400.0,,,
2026-04-06T22:35:32,23,38.581,28.3125,8.6875,1.0,125,0,0,ramp_up,15.0,2.0,400.0,,,
2026-04-06T22:35:34,24,40.421,28.375,8.625,1.0,125,0,0,ramp_up,15.0,2.0,400.0,,,
2026-04-06T22:35:36,25,41.959,28.375,8.625,1.0,125,0,0,ramp_up,15.0,2.0,400.0,,,
2026-04-06T22:35:38,26,43.904,28.375,8.625,1.0,125,0,0,ramp_up,15.0,2.0,400.0,,,
2026-04-06T22:35:40,27,45.746,28.375,8.625,1.0,125,0,0,ramp_up,15.0,2.0,400.0,,,
2026-04-06T22:35:42,28,47.999,28.4375,8.5625,1.0,125,0,0,ramp_up,15.0,2.0,400.0,,,
2026-04-06T22:35:44,29,50.048,28.5,8.5,1.0,125,0,0,ramp_up,15.0,2.0,400.0,,,
2026-04-06T22:35:45,30,51.583,28.5,8.5,1.0,125,0,0,ramp_up,15.0,2.0,400.0,,,
2026-04-06T22:35:47,31,53.222,28.5625,8.4375,1.0,125,0,0,ramp_up,15.0,2.0,400.0,,,
2026-04-06T22:35:49,32,54.656,28.5625,8.4375,1.0,125,0,0,ramp_up,15.0,2.0,400.0,,,
2026-04-06T22:35:50,33,56.604,28.5625,8.4375,1.0,125,0,0,ramp_up,15.0,2.0,400.0,,,
2026-04-06T22:35:52,34,58.137,28.5625,8.4375,1.0,125,0,0,ramp_up,15.0,2.0,400.0,,,
2026-04-06T22:35:54,35,59.878,28.625,8.375,1.0,125,0,0,ramp_up,15.0,2.0,400.0,,,
2026-04-06T22:35:56,36,62.336,28.625,8.375,1.0,125,0,0,ramp_up,15.0,2.0,400.0,,,
2026-04-06T22:35:57,37,63.782,28.6875,8.3125,1.0,125,0,0,ramp_up,15.0,2.0,400.0,,,
2026-04-06T22:35:59,38,65.199,28.75,8.25,1.0,125,0,0,ramp_up,15.0,2.0,400.0,,,
2026-04-06T22:36:01,39,66.644,28.75,8.25,1.0,125,0,0,ramp_up,15.0,2.0,400.0,0.7235103845596313,,
2026-04-06T22:36:02,40,68.693,28.8125,8.1875,1.0,125,0,0,ramp_up,15.0,2.0,400.0,0.5003482699394226,,
2026-04-06T22:36:04,41,70.123,28.8125,8.1875,1.0,125,0,0,ramp_up,15.0,2.0,400.0,0.29078033566474915,,
2026-04-06T22:36:06,42,71.657,28.875,8.125,1.0,125,0,0,ramp_up,15.0,2.0,400.0,0.2506985664367676,,
2026-04-06T22:36:08,43,73.806,28.9375,8.0625,1.0,125,0,0,ramp_up,15.0,2.0,400.0,0.1704489141702652,,
2026-04-06T22:36:10,44,75.547,29.0,8.0,1.0,125,0,0,ramp_up,15.0,2.0,400.0,0.13908973336219788,,
2026-04-06T22:36:12,45,77.8,29.0625,7.9375,1.0,125,0,0,ramp_up,15.0,2.0,400.0,0.14883536100387573,,
2026-04-06T22:36:14,46,79.776,29.125,7.875,1.0,125,0,0,ramp_up,15.0,2.0,400.0,0.11353974789381027,,
2026-04-06T22:36:15,47,81.692,29.1875,7.8125,1.0,125,0,0,ramp_up,15.0,2.0,400.0,0.030589310452342033,,
2026-04-06T22:36:18,48,83.434,29.25,7.75,1.0,125,0,0,ramp_up,15.0,2.0,400.0,0.08634020388126373,,
2026-04-06T22:36:19,49,85.583,29.3125,7.6875,1.0,125,0,0,ramp_up,15.0,2.0,400.0,0.08022939413785934,,
2026-04-06T22:36:21,50,87.231,29.375,7.625,1.0,125,0,0,ramp_up,15.0,2.0,400.0,0.05514983460307121,,
2026-04-06T22:36:22,51,88.656,29.4375,7.5625,1.0,125,0,0,ramp_up,15.0,2.0,400.0,0.06139429658651352,,
2026-04-06T22:36:24,52,90.091,29.4375,7.5625,1.0,125,0,0,ramp_up,15.0,2.0,400.0,0.08157990127801895,,
2026-04-06T22:36:25,53,92.034,29.5,7.5,1.0,125,0,0,ramp_up,15.0,2.0,400.0,0.05349135398864746,,
2026-04-06T22:36:27,54,93.468,29.5625,7.4375,1.0,125,0,0,ramp_up,15.0,2.0,400.0,0.0372677817940712,,
2026-04-06T22:36:29,55,95.311,29.625,7.375,1.0,125,0,0,ramp_up,15.0,2.0,400.0,0.04026588052511215,,
2026-04-06T22:36:30,56,96.746,29.6875,7.3125,1.0,125,0,0,ramp_up,15.0,2.0,400.0,0.054037824273109436,,
2026-04-06T22:36:32,57,98.176,29.75,7.25,1.0,125,0,0,ramp_up,15.0,2.0,400.0,0.03996545448899269,,
2026-04-06T22:36:33,58,99.578,29.8125,7.1875,1.0,125,0,0,ramp_up,15.0,2.0,400.0,0.05640534311532974,,
2026-04-06T22:36:35,59,101.045,29.875,7.125,1.0,125,0,0,ramp_up,15.0,2.0,400.0,0.021494444459676743,,
2026-04-06T22:36:36,60,102.888,29.9375,7.0625,1.0,125,0,0,ramp_up,15.0,2.0,400.0,0.021330544725060463,,
2026-04-06T22:36:38,61,104.424,30.0,7.0,1.0,125,0,0,ramp_up,15.0,2.0,400.0,0.0500810369849205,,
2026-04-06T22:36:40,62,106.267,30.0625,6.9375,1.0,125,0,0,ramp_up,15.0,2.0,400.0,0.03635986149311066,,
2026-04-06T22:36:42,63,108.216,30.125,6.875,1.0,125,0,0,ramp_up,15.0,2.0,400.0,0.03358419984579086,,
2026-04-06T22:36:44,64,110.075,30.25,6.75,1.0,125,0,0,ramp_up,15.0,2.0,400.0,0.022015267983078957,,
2026-04-06T22:36:45,65,111.802,30.3125,6.6875,1.0,125,0,0,ramp_up,15.0,2.0,400.0,0.035757679492235184,,
2026-04-06T22:36:47,66,113.248,30.375,6.625,1.0,125,0,0,ramp_up,15.0,2.0,400.0,0.041050221771001816,,
2026-04-06T22:36:48,67,115.073,30.4375,6.5625,1.0,125,0,0,ramp_up,15.0,2.0,400.0,0.02853010781109333,,
2026-04-06T22:36:51,68,116.508,30.5,6.5,1.0,125,0,0,ramp_up,15.0,2.0,400.0,0.04441290348768234,,
2026-04-06T22:36:53,69,118.66,30.5625,6.4375,1.0,125,0,0,ramp_up,15.0,2.0,400.0,0.024883361533284187,,
2026-04-06T22:36:55,70,120.915,30.6875,6.3125,1.0,125,0,0,ramp_up,15.0,2.0,400.0,0.025351833552122116,,
2026-04-06T22:36:57,71,122.723,30.75,6.25,1.0,125,0,0,ramp_up,15.0,2.0,400.0,0.02010473608970642,,
2026-04-06T22:36:58,72,124.58,30.875,6.125,1.0,125,0,0,ramp_up,15.0,2.0,400.0,0.008965563960373402,,
2026-04-06T22:37:00,73,126.03,30.9375,6.0625,1.0,125,0,0,ramp_up,15.0,2.0,400.0,0.0263567715883255,,
2026-04-06T22:37:02,74,127.773,31.0,6.0,1.0,125,0,0,ramp_up,15.0,2.0,400.0,0.03470294177532196,,
2026-04-06T22:37:04,75,129.719,31.0625,5.9375,1.0,125,0,0,ramp_up,15.0,2.0,400.0,0.040144529193639755,,
2026-04-06T22:37:05,76,131.769,31.125,5.875,1.0,125,0,0,ramp_up,15.0,2.0,400.0,0.016199054196476936,,
2026-04-06T22:37:08,77,133.303,31.1875,5.8125,1.0,125,0,0,ramp_up,15.0,2.0,400.0,0.0246290136128664,,
2026-04-06T22:37:10,78,135.658,31.25,5.75,1.0,125,0,0,ramp_up,15.0,2.0,400.0,0.022668376564979553,,
2026-04-06T22:37:11,79,137.604,31.375,5.625,1.0,125,0,0,ramp_up,15.0,2.0,400.0,0.011911316774785519,,
2026-04-06T22:37:13,80,139.469,31.4375,5.5625,1.0,125,0,0,ramp_up,15.0,2.0,400.0,0.009325247257947922,,
2026-04-06T22:37:15,81,141.404,31.5625,5.4375,1.0,125,0,0,ramp_up,15.0,2.0,400.0,0.010345187969505787,,
2026-04-06T22:37:18,82,143.352,31.625,5.375,1.0,125,0,0,ramp_up,15.0,2.0,400.0,0.013566343113780022,,
2026-04-06T22:37:19,83,145.691,31.75,5.25,1.0,125,0,0,ramp_up,15.0,2.0,400.0,0.023969022557139397,,
2026-04-06T22:37:21,84,147.21,31.8125,5.1875,1.0,125,0,0,ramp_up,15.0,2.0,400.0,0.011136692948639393,,
2026-04-06T22:37:23,85,148.98,31.875,5.125,1.0,125,0,0,ramp_up,15.0,2.0,400.0,0.008321529254317284,,
2026-04-06T22:37:25,86,151.223,32.0,5.0,1.0,125,0,0,ramp_up,15.0,2.0,400.0,0.008169514127075672,,
2026-04-06T22:37:27,87,153.166,32.125,4.875,1.0,125,0,0,ramp_up,15.0,2.0,400.0,0.004140868782997131,,
2026-04-06T22:37:29,88,154.935,32.1875,4.8125,1.0,125,0,0,ramp_up,15.0,2.0,400.0,0.01567249558866024,,
2026-04-06T22:37:30,89,156.956,32.3125,4.6875,1.0,125,0,0,ramp_up,15.0,2.0,400.0,0.017311567440629005,,
2026-04-06T22:37:32,90,158.491,32.375,4.625,1.0,125,0,0,ramp_up,15.0,2.0,400.0,0.013302355073392391,,
2026-04-06T22:37:34,91,160.445,32.4375,4.5625,1.0,125,0,0,ramp_up,15.0,2.0,400.0,0.010358916595578194,,
2026-04-06T22:37:36,92,162.522,32.5625,4.4375,1.0,125,0,0,ramp_up,15.0,2.0,400.0,0.02014748565852642,,
2026-04-06T22:37:37,93,163.997,32.6875,4.3125,1.0,125,0,0,ramp_up,15.0,2.0,400.0,0.016882792115211487,,
2026-04-06T22:37:39,94,165.484,32.75,4.25,1.0,125,0,0,ramp_up,15.0,2.0,400.0,0.012467560358345509,,
2026-04-06T22:37:41,95,167.329,32.8125,4.1875,1.0,125,0,0,ramp_up,15.0,2.0,400.0,0.0037919480819255114,,
2026-04-06T22:37:43,96,169.165,32.9375,4.0625,1.0,125,0,0,ramp_up,15.0,2.0,400.0,0.009512107819318771,,
2026-04-06T22:37:45,97,170.678,33.0,4.0,1.0,125,0,0,ramp_up,15.0,2.0,400.0,0.01864584907889366,,
2026-04-06T22:37:47,98,172.828,33.125,3.875,1.0,125,0,0,ramp_up,15.0,2.0,400.0,0.002246200805529952,,
2026-04-06T22:37:49,99,174.67,33.1875,3.8125,1.0,125,0,0,ramp_up,15.0,2.0,400.0,0.010605154559016228,,
2026-04-06T22:37:50,100,176.618,33.25,3.75,1.0,125,0,0,ramp_up,15.0,2.0,400.0,0.0038483659736812115,,
2026-04-06T22:37:52,101,178.093,33.3125,3.6875,1.0,125,0,0,ramp_up,15.0,2.0,400.0,0.012063836678862572,,
2026-04-06T22:37:54,102,179.823,33.4375,3.5625,1.0,125,0,0,ramp_up,15.0,2.0,400.0,0.04731050133705139,,
2026-04-06T22:37:56,103,181.838,33.5,3.5,1.0,125,0,0,ramp_up,15.0,2.0,400.0,0.013015935197472572,,
2026-04-06T22:37:57,104,183.58,33.625,3.375,1.0,125,0,0,ramp_up,15.0,2.0,400.0,0.007976123131811619,,
2026-04-06T22:37:59,105,185.32,33.6875,3.3125,1.0,125,0,0,ramp_up,15.0,2.0,400.0,0.004260716028511524,,
2026-04-06T22:38:00,106,186.754,33.75,3.25,1.0,125,0,0,ramp_up,15.0,2.0,400.0,0.01025011483579874,,
2026-04-06T22:38:02,107,188.29,33.8125,3.1875,1.0,125,0,0,ramp_up,15.0,2.0,400.0,0.009940188378095627,,
2026-04-06T22:38:04,108,190.133,33.9375,3.0625,1.0,125,0,0,ramp_up,15.0,2.0,400.0,0.008645419031381607,,
2026-04-06T22:38:06,109,191.874,34.0,3.0,1.0,125,0,0,approach,8.0,1.0,250.0,0.06619119644165039,,
2026-04-06T22:38:07,110,193.819,34.0625,2.9375,1.0,125,0,0,approach,8.0,1.0,250.0,0.018976453691720963,,
2026-04-06T22:38:09,111,195.356,34.125,2.875,1.0,125,0,0,approach,8.0,1.0,250.0,0.007451503071933985,,
2026-04-06T22:38:12,112,197.301,34.25,2.75,1.0,125,0,0,approach,8.0,1.0,250.0,0.03684455528855324,,
2026-04-06T22:38:13,113,199.554,34.3125,2.6875,1.0,125,0,0,approach,8.0,1.0,250.0,0.01717558316886425,,
2026-04-06T22:38:15,114,201.5,34.375,2.625,1.0,125,0,0,approach,8.0,1.0,250.0,0.020619217306375504,,
2026-04-06T22:38:17,115,203.454,34.5,2.5,1.0,125,0,0,approach,8.0,1.0,250.0,0.048222288489341736,,
2026-04-06T22:38:19,116,205.288,34.5625,2.4375,1.0,125,0,0,approach,8.0,1.0,250.0,0.0799543485045433,,
2026-04-06T22:38:20,117,207.029,34.625,2.375,1.0,125,0,0,approach,8.0,1.0,250.0,0.0012886797776445746,,
2026-04-06T22:38:22,118,208.462,34.6875,2.3125,1.0,125,0,0,approach,8.0,1.0,250.0,0.015704486519098282,,
2026-04-06T22:38:25,119,210.511,34.75,2.25,1.0,125,0,0,approach,8.0,1.0,250.0,0.012577435933053493,,
2026-04-06T22:38:26,120,212.628,34.8125,2.1875,1.0,125,0,0,approach,8.0,1.0,250.0,0.012947519309818745,,
2026-04-06T22:38:28,121,214.299,34.875,2.125,0.92985,116,0,0,approach,8.0,1.0,250.0,0.0063638146966695786,,
2026-04-06T22:38:29,122,215.732,34.9375,2.0625,0.0,0,0,0,approach,8.0,1.0,250.0,0.007330587599426508,,
2026-04-06T22:38:31,123,217.166,35.0,2.0,0.0,0,0,0,approach,8.0,1.0,250.0,0.002541522728279233,,
2026-04-06T22:38:33,124,218.703,35.0625,1.9375,0.0,0,0,0,approach,8.0,1.0,250.0,0.006310595665127039,,
2026-04-06T22:38:34,125,220.558,35.125,1.875,0.0,0,0,0,approach,8.0,1.0,250.0,0.00455612875521183,,
2026-04-06T22:38:36,126,222.503,35.25,1.75,0.0,0,0,0,approach,8.0,1.0,250.0,0.006564713548868895,,
2026-04-06T22:38:38,127,224.13,35.3125,1.6875,0.0,0,0,0,approach,8.0,1.0,250.0,0.009687335230410099,,
2026-04-06T22:38:39,128,225.871,35.375,1.625,0.0,0,0,0,approach,8.0,1.0,250.0,0.006094077136367559,,
2026-04-06T22:38:41,129,227.305,35.5,1.5,0.0,0,0,0,approach,8.0,1.0,250.0,0.0026780785992741585,,
2026-04-06T22:38:43,130,229.148,35.5625,1.4375,0.0,0,0,0,approach,8.0,1.0,250.0,0.0070671699941158295,,
2026-04-06T22:38:45,131,231.101,35.625,1.375,0.0,0,0,0,approach,8.0,1.0,250.0,0.018667245283722878,,
2026-04-06T22:38:46,132,232.937,35.6875,1.3125,0.0,0,0,0,approach,8.0,1.0,250.0,0.013932990841567516,,
2026-04-06T22:38:48,133,234.371,35.75,1.25,0.0,0,0,0,approach,8.0,1.0,250.0,0.0023138318210840225,,
2026-04-06T22:38:50,134,235.92,35.8125,1.1875,0.0,0,0,0,approach,8.0,1.0,250.0,0.005212813150137663,,
2026-04-06T22:38:51,135,237.647,35.875,1.125,0.0,0,0,0,approach,8.0,1.0,250.0,0.02303534373641014,,
2026-04-06T22:38:52,136,239.08,35.9375,1.0625,0.0,0,0,0,approach,8.0,1.0,250.0,0.014915554784238338,,
2026-04-06T22:38:55,137,240.524,36.0,1.0,0.0,0,0,0,approach,8.0,1.0,250.0,0.012451392598450184,,
2026-04-06T22:38:56,138,242.567,36.0625,0.9375,0.0,0,0,0,approach,8.0,1.0,250.0,0.013930464163422585,,
2026-04-06T22:38:58,139,244.405,36.125,0.875,0.0,0,0,0,approach,8.0,1.0,250.0,0.011565757915377617,,
2026-04-06T22:38:59,140,245.838,36.1875,0.8125,0.0,0,0,0,approach,8.0,1.0,250.0,0.002197839319705963,,
2026-04-06T22:39:01,141,247.477,36.25,0.75,0.0,0,0,0,approach,8.0,1.0,250.0,0.004967884160578251,,
2026-04-06T22:39:03,142,249.326,36.3125,0.6875,0.0,0,0,0,approach,8.0,1.0,250.0,0.04816268011927605,,
2026-04-06T22:39:05,143,251.184,36.375,0.625,0.0,0,0,0,approach,8.0,1.0,250.0,0.005831398535519838,,
2026-04-06T22:39:07,144,253.076,36.4375,0.5625,0.0,0,0,0,approach,8.0,1.0,250.0,0.013378896750509739,,
2026-04-06T22:39:09,145,254.851,36.5625,0.4375,0.0,0,0,0,approach,8.0,1.0,250.0,0.05417690798640251,,
2026-04-06T22:39:10,146,256.796,36.625,0.375,0.0,0,0,0,approach,8.0,1.0,250.0,0.002659730613231659,,
2026-04-06T22:39:12,147,258.332,36.6875,0.3125,0.0,0,0,0,approach,8.0,1.0,250.0,0.005993066821247339,1.675140142440796,
2026-04-06T22:39:14,148,260.074,36.6875,0.3125,0.0,0,0,0,approach,8.0,1.0,250.0,0.002882826142013073,1.362985610961914,
2026-04-06T22:39:16,149,261.919,36.75,0.25,0.0,0,0,0,approach,8.0,1.0,250.0,0.031291380524635315,1.1942243576049805,
2026-04-06T22:39:17,150,263.777,36.8125,0.1875,1.0,125,0,0,steady_state,4.0,0.5,120.0,0.008484665304422379,1.1607036590576172,
2026-04-06T22:39:19,151,265.179,36.875,0.125,1.0,125,0,0,steady_state,4.0,0.5,120.0,0.004921488463878632,1.340029239654541,
2026-04-06T22:39:20,152,266.628,36.9375,0.0625,0.70375,88,0,0,steady_state,4.0,0.5,120.0,0.027324870228767395,1.012373924255371,
2026-04-06T22:39:22,153,268.062,36.9375,0.0625,0.64738,81,0,0,steady_state,4.0,0.5,120.0,0.003622721880674362,1.0010182857513428,
2026-04-06T22:39:24,154,269.802,37.0,0.0,0.0,0,0,0,steady_state,4.0,0.5,120.0,0.011834871023893356,0.9709216356277466,
2026-04-06T22:39:25,155,271.645,37.0625,-0.0625,0.0,0,0,0,steady_state,4.0,0.5,120.0,0.019139405339956284,0.9926100969314575,
2026-04-06T22:39:27,156,273.489,37.0625,-0.0625,0.0,0,0,0,steady_state,4.0,0.5,120.0,0.00819089449942112,0.7958341836929321,
2026-04-06T22:39:29,157,275.34,37.125,-0.125,0.0,0,0,0,steady_state,4.0,0.5,120.0,0.015055196359753609,0.8333652019500732,
2026-04-06T22:39:31,158,277.178,37.125,-0.125,0.0,0,0,0,steady_state,4.0,0.5,120.0,0.07221938669681549,0.6843627095222473,
2026-04-06T22:39:33,159,278.711,37.125,-0.125,0.0,0,0,0,steady_state,4.0,0.5,120.0,0.007292968221008778,0.7321757674217224,
2026-04-06T22:39:34,160,280.657,37.1875,-0.1875,0.0,0,0,0,steady_state,4.0,0.5,120.0,0.001953717553988099,0.7086068987846375,
2026-04-06T22:39:37,161,282.397,37.1875,-0.1875,0.0,0,0,0,steady_state,4.0,0.5,120.0,0.03182224929332733,0.5808550119400024,
2026-04-06T22:39:38,162,284.753,37.1875,-0.1875,0.0,0,0,0,steady_state,4.0,0.5,120.0,0.007461774628609419,0.5007568597793579,
2026-04-06T22:39:40,163,286.203,37.25,-0.25,0.0,0,0,0,approach,8.0,1.0,250.0,0.016333699226379395,0.5808742046356201,
2026-04-06T22:39:42,164,288.035,37.25,-0.25,0.0,0,0,0,approach,8.0,1.0,250.0,0.0036290159914642572,0.44776788353919983,
2026-04-06T22:39:43,165,290.059,37.3125,-0.3125,0.0,0,0,0,approach,8.0,1.0,250.0,0.006966591812670231,0.5054613947868347,
2026-04-06T22:39:45,166,291.51,37.3125,-0.3125,0.0,0,0,0,approach,8.0,1.0,250.0,0.006531533319503069,0.40979287028312683,
2026-04-06T22:39:48,167,293.457,37.3125,-0.3125,0.0,0,0,0,approach,8.0,1.0,250.0,0.03483252227306366,0.6314671635627747,
2026-04-06T22:39:49,168,295.79,37.375,-0.375,0.0,0,0,0,approach,8.0,1.0,250.0,0.00299922376871109,0.4111393094062805,
2026-04-06T22:39:51,169,297.348,37.375,-0.375,0.0,0,0,0,approach,8.0,1.0,250.0,0.0013135724002495408,0.47953081130981445,
2026-04-06T22:39:53,170,299.292,37.375,-0.375,0.0,0,0,0,approach,8.0,1.0,250.0,0.0013902587816119194,0.35906535387039185,
2026-04-06T22:39:55,171,301.137,37.375,-0.375,0.0,0,0,0,approach,8.0,1.0,250.0,0.0015434372471645474,0.3464227616786957,
2026-04-06T22:39:57,172,303.185,37.4375,-0.4375,0.0,0,0,0,approach,8.0,1.0,250.0,0.009613480418920517,0.3578474819660187,
2026-04-06T22:39:58,173,305.028,37.4375,-0.4375,0.0,0,0,0,approach,8.0,1.0,250.0,0.004772187676280737,0.4485010802745819,
2026-04-06T22:40:00,174,306.462,37.4375,-0.4375,0.0,0,0,0,approach,8.0,1.0,250.0,0.008425258100032806,0.3396895229816437,
2026-04-06T22:40:02,175,308.304,37.4375,-0.4375,0.0,0,0,0,approach,8.0,1.0,250.0,0.004861815832555294,0.23998133838176727,
2026-04-06T22:40:04,176,310.148,37.4375,-0.4375,0.0,0,0,0,approach,8.0,1.0,250.0,0.004839979112148285,0.3511679470539093,
2026-04-06T22:40:05,177,311.581,37.5,-0.5,0.0,0,0,0,approach,8.0,1.0,250.0,0.0036550480872392654,0.19471120834350586,
2026-04-06T22:40:07,178,313.424,37.5,-0.5,0.0,0,0,0,approach,8.0,1.0,250.0,0.011206315830349922,0.29781001806259155,
2026-04-06T22:40:08,179,314.859,37.5,-0.5,0.0,0,0,0,approach,8.0,1.0,250.0,0.011065451428294182,0.2460496425628662,
2026-04-06T22:40:10,180,316.296,37.5625,-0.5625,0.0,0,0,0,approach,8.0,1.0,250.0,0.006605192087590694,0.25399813055992126,
2026-04-06T22:40:12,181,318.24,37.5,-0.5,0.0,0,0,0,approach,8.0,1.0,250.0,0.010158956982195377,0.22080367803573608,
2026-04-06T22:40:14,182,320.081,37.5625,-0.5625,0.0,0,0,0,approach,8.0,1.0,250.0,0.0075584533624351025,0.2396622747182846,
2026-04-06T22:40:15,183,321.616,37.5,-0.5,0.0,0,0,0,approach,8.0,1.0,250.0,0.042883314192295074,0.1581304669380188,
2026-04-06T22:40:17,184,323.459,37.5625,-0.5625,0.0,0,0,0,approach,8.0,1.0,250.0,0.0010104796383529902,0.13310179114341736,
2026-04-06T22:40:19,185,325.303,37.5625,-0.5625,0.0,0,0,0,approach,8.0,1.0,250.0,0.010348532348871231,0.10064888000488281,
2026-04-06T22:40:21,186,327.028,37.5625,-0.5625,0.0,0,0,0,approach,8.0,1.0,250.0,0.003826569067314267,0.11349517107009888,
2026-04-06T22:40:23,187,328.58,37.5625,-0.5625,0.0,0,0,0,approach,8.0,1.0,250.0,0.0008633392862975597,0.2482076734304428,
2026-04-06T22:40:24,188,330.628,37.5625,-0.5625,0.0,0,0,0,approach,8.0,1.0,250.0,0.0013968817656859756,0.11353403329849243,
2026-04-06T22:40:26,189,332.163,37.5625,-0.5625,0.0,0,0,0,approach,8.0,1.0,250.0,0.03532788157463074,0.3286806344985962,
2026-04-06T22:40:28,190,334.007,37.5625,-0.5625,0.0,0,0,0,approach,8.0,1.0,250.0,0.013342008925974369,0.11515066027641296,
2026-04-06T22:40:29,191,335.951,37.5625,-0.5625,0.0,0,0,0,approach,8.0,1.0,250.0,0.0010099941864609718,0.11708860099315643,
2026-04-06T22:40:31,192,337.488,37.5,-0.5,0.0,0,0,0,approach,8.0,1.0,250.0,0.0035636809188872576,0.08501935005187988,
2026-04-06T22:40:33,193,339.434,37.5,-0.5,0.0,0,0,0,approach,8.0,1.0,250.0,0.01459120400249958,0.09874750673770905,
2026-04-06T22:40:35,194,341.177,37.5,-0.5,0.0,0,0,0,approach,8.0,1.0,250.0,0.0030582472681999207,0.054997190833091736,
2026-04-06T22:40:37,195,342.916,37.5,-0.5,0.0,0,0,0,approach,8.0,1.0,250.0,0.00582280196249485,0.09271277487277985,
2026-04-06T22:40:38,196,344.758,37.5,-0.5,0.0,0,0,0,approach,8.0,1.0,250.0,0.006491655483841896,0.08406052738428116,
2026-04-06T22:40:40,197,346.193,37.5,-0.5,0.0,0,0,0,approach,8.0,1.0,250.0,0.0022556830663233995,0.03796451538801193,
2026-04-06T22:40:41,198,347.627,37.4375,-0.4375,0.0,0,0,0,approach,8.0,1.0,250.0,0.001196573255583644,0.03192111477255821,
2026-04-06T22:40:43,199,349.06,37.4375,-0.4375,0.0,0,0,0,approach,8.0,1.0,250.0,0.024921830743551254,0.048767950385808945,
2026-04-06T22:40:45,200,350.903,37.4375,-0.4375,0.0,0,0,0,approach,8.0,1.0,250.0,0.00220527034252882,0.04016352444887161,
2026-04-06T22:40:47,201,352.644,37.375,-0.375,0.98296,123,0,0,approach,8.0,1.0,250.0,0.016022996976971626,0.022929197177290916,
2026-04-06T22:40:49,202,354.794,37.375,-0.375,0.0,0,0,0,approach,8.0,1.0,250.0,0.025101909413933754,0.07013597339391708,
2026-04-06T22:40:51,203,357.356,37.375,-0.375,0.0,0,0,0,approach,8.0,1.0,250.0,0.014884881675243378,0.03077211230993271,
2026-04-06T22:40:53,204,359.094,37.3125,-0.3125,1.0,125,0,0,approach,8.0,1.0,250.0,0.0051539596170187,0.031011270359158516,
2026-04-06T22:40:55,205,360.632,37.3125,-0.3125,0.0,0,0,0,approach,8.0,1.0,250.0,0.008674293756484985,0.008370138704776764,
2026-04-06T22:40:56,206,362.576,37.25,-0.25,1.0,125,0,0,approach,8.0,1.0,250.0,0.005411279387772083,0.020842324942350388,
2026-04-06T22:40:59,207,364.421,37.25,-0.25,0.0,0,0,0,approach,8.0,1.0,250.0,0.007096827961504459,0.5086616277694702,
2026-04-06T22:41:00,208,366.681,37.1875,-0.1875,0.0,0,0,0,steady_state,4.0,0.5,120.0,0.002496936358511448,0.010029555298388004,
2026-04-06T22:41:02,209,368.414,37.1875,-0.1875,0.0,0,0,0,steady_state,4.0,0.5,120.0,0.02298205904662609,0.42457103729248047,
2026-04-06T22:41:04,210,369.95,37.125,-0.125,0.0,0,0,0,steady_state,4.0,0.5,120.0,0.01632145792245865,0.546859622001648,
2026-04-06T22:41:05,211,371.692,37.125,-0.125,0.0,0,0,0,steady_state,4.0,0.5,120.0,0.02317759022116661,0.33558058738708496,
2026-04-06T22:41:07,212,373.227,37.0625,-0.0625,0.81172,101,0,0,steady_state,4.0,0.5,120.0,0.0008076900849118829,0.024118371307849884,
2026-04-06T22:41:09,213,374.968,37.0625,-0.0625,0.54938,69,0,0,steady_state,4.0,0.5,120.0,0.013086027465760708,0.08809869736433029,
2026-04-06T22:41:11,214,377.117,37.0,0.0,1.0,125,0,0,steady_state,4.0,0.5,120.0,0.037898220121860504,0.019348978996276855,
2026-04-06T22:41:12,215,378.653,37.0,0.0,1.0,125,0,0,steady_state,4.0,0.5,120.0,0.030891623347997665,0.13701556622982025,
2026-04-06T22:41:14,216,380.497,37.0,0.0,1.0,125,0,0,steady_state,4.0,0.5,120.0,0.01362841296941042,0.03410109132528305,
2026-04-06T22:41:16,217,382.443,36.9375,0.0625,1.0,125,0,0,steady_state,4.0,0.5,120.0,0.00680554611608386,0.10159458965063095,
2026-04-06T22:41:18,218,384.183,36.9375,0.0625,1.0,125,0,0,steady_state,4.0,0.5,120.0,0.0075026582926511765,0.030207213014364243,
2026-04-06T22:41:20,219,385.719,36.9375,0.0625,1.0,125,0,0,steady_state,4.0,0.5,120.0,0.012667388655245304,0.07852502912282944,
2026-04-06T22:41:21,220,387.563,36.9375,0.0625,1.0,125,0,0,steady_state,4.0,0.5,120.0,0.020747151225805283,0.022785812616348267,
2026-04-06T22:41:23,221,389.405,36.9375,0.0625,1.0,125,0,0,steady_state,4.0,0.5,120.0,0.00781672727316618,0.005451986100524664,
2026-04-06T22:41:25,222,391.25,36.9375,0.0625,1.0,125,0,0,steady_state,4.0,0.5,120.0,0.008274399675428867,0.026463018730282784,
2026-04-06T22:41:26,223,393.092,36.9375,0.0625,1.0,125,0,0,steady_state,4.0,0.5,120.0,0.013676999136805534,0.015871332958340645,
2026-04-06T22:41:28,224,394.525,36.875,0.125,1.0,125,0,0,steady_state,4.0,0.5,120.0,0.002135731978341937,0.015246665105223656,
2026-04-06T22:41:30,225,396.368,36.875,0.125,1.0,125,0,0,steady_state,4.0,0.5,120.0,0.03131868690252304,0.0330263152718544,
2026-04-06T22:41:32,226,397.906,36.875,0.125,1.0,125,0,0,steady_state,4.0,0.5,120.0,0.011514187790453434,0.04037633165717125,
2026-04-06T22:41:34,227,400.261,36.875,0.125,1.0,125,0,0,steady_state,4.0,0.5,120.0,0.003698537824675441,0.02231062762439251,
2026-04-06T22:41:35,228,401.774,36.8125,0.1875,1.0,125,0,0,steady_state,4.0,0.5,120.0,0.016690876334905624,0.1675148755311966,
2026-04-06T22:41:37,229,403.332,36.8125,0.1875,1.0,125,0,0,steady_state,4.0,0.5,120.0,0.0032573917414993048,0.02303929440677166,
2026-04-06T22:41:38,230,404.864,36.8125,0.1875,1.0,125,0,0,steady_state,4.0,0.5,120.0,0.007497767452150583,0.006239886861294508,
2026-04-06T22:41:40,231,406.274,36.8125,0.1875,1.0,125,0,0,steady_state,4.0,0.5,120.0,0.00858144462108612,0.007822170853614807,
2026-04-06T22:41:41,232,407.677,36.8125,0.1875,1.0,125,0,0,steady_state,4.0,0.5,120.0,0.005920057650655508,0.008009313605725765,
2026-04-06T22:41:43,233,409.475,36.8125,0.1875,1.0,125,0,0,steady_state,4.0,0.5,120.0,0.009261103346943855,0.06292961537837982,0.41999053955078125
2026-04-06T22:41:45,234,411.321,36.8125,0.1875,1.0,125,0,0,steady_state,4.0,0.5,120.0,0.023077379912137985,0.058191731572151184,0.3852103054523468
2026-04-06T22:41:47,235,413.129,36.8125,0.1875,1.0,125,0,0,steady_state,4.0,0.5,120.0,0.015730896964669228,0.0041190097108483315,0.34816157817840576
2026-04-06T22:41:49,236,414.701,36.8125,0.1875,1.0,125,0,0,steady_state,4.0,0.5,120.0,0.0022185419220477343,0.0010344211477786303,0.25221332907676697
2026-04-06T22:41:50,237,416.644,36.8125,0.1875,1.0,125,0,0,steady_state,4.0,0.5,120.0,0.0028129650745540857,0.03795551881194115,0.18527068197727203
2026-04-06T22:41:52,238,418.388,36.8125,0.1875,1.0,125,0,0,steady_state,4.0,0.5,120.0,0.004250685218721628,0.026170847937464714,0.19714228808879852
2026-04-06T22:41:54,239,420.333,36.8125,0.1875,1.0,125,0,0,steady_state,4.0,0.5,120.0,0.006763189099729061,0.0010744573082774878,0.13095752894878387
2026-04-06T22:41:55,240,421.766,36.8125,0.1875,1.0,125,0,0,steady_state,4.0,0.5,120.0,0.04581554979085922,0.0019404524937272072,0.11921586096286774
2026-04-06T22:41:57,241,423.195,36.8125,0.1875,1.0,125,0,0,steady_state,4.0,0.5,120.0,0.006950455252081156,0.009928843937814236,0.04986811801791191
2026-04-06T22:41:58,242,424.633,36.875,0.125,0.0,0,0,0,steady_state,4.0,0.5,120.0,0.0014925168361514807,0.010349978692829609,0.05494864284992218
2026-04-06T22:41:59,243,426.068,36.875,0.125,0.0,0,0,0,steady_state,4.0,0.5,120.0,0.01769673265516758,0.00898346584290266,0.03866928815841675
2026-04-06T22:42:01,244,427.466,36.875,0.125,0.0,0,0,0,steady_state,4.0,0.5,120.0,0.05297635868191719,0.018204620108008385,0.042661141604185104
2026-04-06T22:42:02,245,428.933,36.9375,0.0625,0.0,0,0,0,steady_state,4.0,0.5,120.0,0.02216937392950058,0.003914179280400276,0.04145071282982826
2026-04-06T22:42:04,246,430.369,36.9375,0.0625,0.0,0,0,0,steady_state,4.0,0.5,120.0,0.018713433295488358,0.006560178939253092,0.04386359453201294
2026-04-06T22:42:06,247,432.095,36.9375,0.0625,0.0,0,0,0,steady_state,4.0,0.5,120.0,0.059143565595149994,0.03735766559839249,0.041399482637643814
2026-04-06T22:42:07,248,433.951,36.9375,0.0625,0.0,0,0,0,steady_state,4.0,0.5,120.0,0.010486331768333912,0.021910622715950012,0.031757429242134094
2026-04-06T22:42:09,249,435.486,36.9375,0.0625,0.0,0,0,0,steady_state,4.0,0.5,120.0,0.026635531336069107,0.0064424010924994946,0.10144266486167908
2026-04-06T22:42:11,250,437.227,36.9375,0.0625,0.0,0,0,0,steady_state,4.0,0.5,120.0,0.012294423766434193,0.03359449282288551,0.08264224976301193
2026-04-06T22:42:13,251,439.173,37.0,0.0,0.0,0,0,0,steady_state,4.0,0.5,120.0,0.043386366218328476,0.008025608025491238,0.016900932416319847
2026-04-06T22:42:14,252,440.607,37.0,0.0,0.0,0,0,0,steady_state,4.0,0.5,120.0,0.002106717322021723,0.00895206443965435,0.043791063129901886
2026-04-06T22:42:16,253,442.451,37.0,0.0,0.0,0,0,0,steady_state,4.0,0.5,120.0,0.019090190529823303,0.07790666073560715,0.023452235385775566
2026-04-06T22:42:18,254,443.987,37.0,0.0,0.0,0,0,0,steady_state,4.0,0.5,120.0,0.01546089630573988,0.002588948467746377,0.04022735729813576
2026-04-06T22:42:20,255,445.624,37.0625,-0.0625,0.0,0,0,0,steady_state,4.0,0.5,120.0,0.005409563425928354,0.007412692066282034,0.022692888975143433
2026-04-06T22:42:21,256,447.569,37.0625,-0.0625,0.0,0,0,0,steady_state,4.0,0.5,120.0,0.0037184786051511765,0.03436998277902603,0.028417907655239105
2026-04-06T22:42:23,257,449.413,37.0625,-0.0625,0.0,0,0,0,steady_state,4.0,0.5,120.0,0.007167859934270382,0.0040257941000163555,0.02439580112695694
2026-04-06T22:42:25,258,451.155,37.0625,-0.0625,0.0,0,0,0,steady_state,4.0,0.5,120.0,0.007325391285121441,0.05081656947731972,0.03360188379883766
2026-04-06T22:42:26,259,452.998,37.0625,-0.0625,0.0,0,0,0,steady_state,4.0,0.5,120.0,0.0008705134387128055,0.009686840698122978,0.0389806292951107
2026-04-06T22:42:28,260,454.533,37.0625,-0.0625,0.0,0,0,0,steady_state,4.0,0.5,120.0,0.0008843266987241805,0.1001148372888565,0.022506916895508766
2026-04-06T22:42:30,261,456.38,37.0625,-0.0625,0.0,0,0,0,steady_state,4.0,0.5,120.0,0.002821279689669609,0.009661439806222916,0.0484437495470047
2026-04-06T22:42:32,262,458.119,37.125,-0.125,0.0,0,0,0,steady_state,4.0,0.5,120.0,0.003907747566699982,0.008515087887644768,0.013027521781623363
2026-04-06T22:42:34,263,460.063,37.125,-0.125,0.0,0,0,0,steady_state,4.0,0.5,120.0,0.0030661760829389095,0.014524375088512897,0.00889739952981472
2026-04-06T22:42:35,264,461.6,37.125,-0.125,0.0,0,0,0,steady_state,4.0,0.5,120.0,0.02706940658390522,0.010870799422264099,0.01667058654129505
2026-04-06T22:42:37,265,463.217,37.1875,-0.1875,0.0,0,0,0,steady_state,4.0,0.5,120.0,0.005333319306373596,0.013153298757970333,0.06971174478530884
2026-04-06T22:42:38,266,464.668,37.1875,-0.1875,0.0,0,0,0,steady_state,4.0,0.5,120.0,0.007201644591987133,0.006264683324843645,0.015546645037829876
2026-04-06T22:42:40,267,466.514,37.25,-0.25,0.0,0,0,0,approach,8.0,1.0,250.0,0.02299780212342739,0.009840674698352814,0.01588272862136364
2026-04-06T22:42:42,268,468.255,37.25,-0.25,0.0,0,0,0,approach,8.0,1.0,250.0,0.0070425886660814285,0.0152082284912467,0.03215010464191437
2026-04-06T22:42:44,269,470.2,37.25,-0.25,0.0,0,0,0,approach,8.0,1.0,250.0,0.0027504311874508858,0.007338189519941807,0.03000374510884285
2026-04-06T22:42:46,270,472.146,37.25,-0.25,0.0,0,0,0,approach,8.0,1.0,250.0,0.003737479681149125,0.0052613671869039536,0.019549285992980003
2026-04-06T22:42:47,271,473.888,37.3125,-0.3125,0.0,0,0,0,approach,8.0,1.0,250.0,0.009556297212839127,0.02061665803194046,0.005517168901860714
2026-04-06T22:42:49,272,475.322,37.3125,-0.3125,0.0,0,0,0,approach,8.0,1.0,250.0,0.01746758259832859,0.029865121468901634,0.031324174255132675
2026-04-06T22:42:50,273,476.754,37.3125,-0.3125,0.0,0,0,0,approach,8.0,1.0,250.0,0.02527080848813057,0.01828530803322792,0.013514582067728043
2026-04-06T22:42:52,274,478.29,37.3125,-0.3125,0.0,0,0,0,approach,8.0,1.0,250.0,0.008815815672278404,0.017359454184770584,0.026021461933851242
2026-04-06T22:42:54,275,480.134,37.375,-0.375,0.0,0,0,0,approach,8.0,1.0,250.0,0.0031743922736495733,0.005259075202047825,0.008380677551031113
2026-04-06T22:42:56,276,481.977,37.375,-0.375,0.0,0,0,0,approach,8.0,1.0,250.0,0.001881114672869444,0.007037846837192774,0.0261674877256155
2026-04-06T22:42:57,277,483.718,37.375,-0.375,0.0,0,0,0,approach,8.0,1.0,250.0,0.0062713176012039185,0.004741296172142029,0.07678289711475372
2026-04-06T22:42:59,278,485.152,37.375,-0.375,0.0,0,0,0,approach,8.0,1.0,250.0,0.007015562616288662,0.0016097609186545014,0.008754510432481766
2026-04-06T22:43:00,279,486.687,37.375,-0.375,0.0,0,0,0,approach,8.0,1.0,250.0,0.001392478821799159,0.004782495088875294,0.00448546651750803
2026-04-06T22:43:02,280,488.529,37.375,-0.375,0.0,0,0,0,approach,8.0,1.0,250.0,0.00226358394138515,0.010601653717458248,0.011814998462796211
2026-04-06T22:43:04,281,490.373,37.375,-0.375,0.0,0,0,0,approach,8.0,1.0,250.0,0.0025501048658043146,0.004869506228715181,0.006611318327486515
2026-04-06T22:43:06,282,492.217,37.375,-0.375,0.0,0,0,0,approach,8.0,1.0,250.0,0.005109253339469433,0.006425602827221155,0.010413911193609238
2026-04-06T22:43:07,283,493.96,37.375,-0.375,0.0,0,0,0,approach,8.0,1.0,250.0,0.02037813700735569,0.005329403094947338,0.03198295831680298
2026-04-06T22:43:09,284,495.493,37.375,-0.375,0.0,0,0,0,approach,8.0,1.0,250.0,0.0013973439345136285,0.00791067536920309,0.0071976445615291595
2026-04-06T22:43:11,285,497.337,37.375,-0.375,0.0,0,0,0,approach,8.0,1.0,250.0,0.0010554174659773707,0.02446930855512619,0.004036741331219673
2026-04-06T22:43:13,286,499.18,37.375,-0.375,0.0,0,0,0,approach,8.0,1.0,250.0,0.0025223749689757824,0.006258442997932434,0.01679636351764202
2026-04-06T22:43:14,287,500.921,37.4375,-0.4375,0.0,0,0,0,approach,8.0,1.0,250.0,0.0020318343304097652,0.008736160583794117,0.005759404972195625
2026-04-06T22:43:16,288,502.456,37.4375,-0.4375,0.0,0,0,0,approach,8.0,1.0,250.0,0.014195604249835014,0.007840960286557674,0.01162911206483841
2026-04-06T22:43:18,289,504.402,37.4375,-0.4375,0.0,0,0,0,approach,8.0,1.0,250.0,0.00505610927939415,0.004814504645764828,0.009439397603273392
2026-04-06T22:43:20,290,506.246,37.4375,-0.4375,0.0,0,0,0,approach,8.0,1.0,250.0,0.0021600720938295126,0.00841224379837513,0.005004107486456633
2026-04-06T22:43:22,291,507.987,37.4375,-0.4375,0.0,0,0,0,approach,8.0,1.0,250.0,0.005950100254267454,0.0036366325803101063,0.021850619465112686
2026-04-06T22:43:23,292,509.727,37.4375,-0.4375,0.0,0,0,0,approach,8.0,1.0,250.0,0.002473629079759121,0.056677449494600296,0.02197890728712082
2026-04-06T22:43:25,293,511.263,37.4375,-0.4375,0.0,0,0,0,approach,8.0,1.0,250.0,0.0014993593795225024,0.005590032320469618,0.011011362075805664
2026-04-06T22:43:27,294,513.005,37.4375,-0.4375,0.0,0,0,0,approach,8.0,1.0,250.0,0.0038251022342592478,0.0031403983011841774,0.019180582836270332
2026-04-06T22:43:28,295,514.949,37.4375,-0.4375,0.0,0,0,0,approach,8.0,1.0,250.0,0.05270611494779587,0.007922732271254063,0.0057784635573625565
2026-04-06T22:43:30,296,516.485,37.375,-0.375,0.45773,57,0,0,approach,8.0,1.0,250.0,0.019602280110120773,0.004951677285134792,0.035688478499650955
2026-04-06T22:43:32,297,518.43,37.375,-0.375,0.0,0,0,0,approach,8.0,1.0,250.0,0.007740490138530731,0.008299965411424637,0.00246121222153306
2026-04-06T22:43:34,298,520.274,37.375,-0.375,0.0,0,0,0,approach,8.0,1.0,250.0,0.0018308633007109165,0.01201979536563158,0.007596493232995272
2026-04-06T22:43:36,299,522.036,37.375,-0.375,0.0,0,0,0,approach,8.0,1.0,250.0,0.010798056609928608,0.003428128780797124,0.0028135303873568773
2026-04-06T22:43:38,300,523.756,37.3125,-0.3125,1.0,125,0,0,approach,8.0,1.0,250.0,0.028957732021808624,0.0038836312014609575,0.002361831720918417
2026-04-06T22:43:39,301,525.606,37.3125,-0.3125,0.0,0,0,0,approach,8.0,1.0,250.0,0.01322436984628439,0.005400241818279028,0.0021796529181301594
2026-04-06T22:43:41,302,527.407,37.3125,-0.3125,0.0,0,0,0,approach,8.0,1.0,250.0,0.0096401646733284,0.005283587612211704,0.004661940038204193
2026-04-06T22:43:43,303,529.286,37.3125,-0.3125,0.0,0,0,0,approach,8.0,1.0,250.0,0.02879873663187027,0.003687448799610138,0.0022126073017716408
2026-04-06T22:43:44,304,530.72,37.25,-0.25,1.0,125,0,0,approach,8.0,1.0,250.0,0.008609856478869915,0.008996130898594856,0.0031681512482464314
2026-04-06T22:43:46,305,532.153,37.25,-0.25,0.0,0,0,0,approach,8.0,1.0,250.0,0.0038600522093474865,0.008454233407974243,0.024991367012262344
2026-04-06T22:43:47,306,533.996,37.25,-0.25,0.0,0,0,0,approach,8.0,1.0,250.0,0.003956805914640427,0.06356830894947052,0.0038251851219683886
2026-04-06T22:43:49,307,535.429,37.25,-0.25,0.0,0,0,0,approach,8.0,1.0,250.0,0.04653792455792427,0.005279616452753544,0.02531389147043228
